id,Name,code,user_type_id/id,reconcile
,ASSETS,1,,
,CURRENT ASSETS,10,,
,Cash,100,,
ee_coa_100000,Cash registry,100000,data_account_type_liquidity,FALSE
ee_coa_100001,Bank account,100100,data_account_type_liquidity,FALSE
,,,,
ee_coa_101000,Financial investments,101000,data_account_type_current_assets,FALSE
,,,,
,Receivables and prepayments,102,,
,Trade receivables (current asset),,,
ee_coa_102000,Account receivable,102000,data_account_type_receivable,FALSE
ee_coa_102001,Account receivable (pos),102100,data_account_type_receivable,FALSE
,,,,
ee_coa_1021,Receivables from connected parties (current asset),1021,,
ee_coa_102100,Short-term receivables from associated undertakings,102100,data_account_type_receivable,FALSE
ee_coa_102101,Short-term receivables from the owners,102110,data_account_type_receivable,FALSE
,,,,
ee_coa_102200,Prepaid and deferred taxes (current asset),1022,data_account_type_fixed_assets,FALSE
ee_coa_102200,Prepaid taxes account (current asset),102200,,
ee_coa_102201,deferred taxes (current asset),102210,,
,,,,
,Other short-term receivables ,1023,,
ee_coa_102300,Interest receivables,102300,data_account_type_receivable,FALSE
ee_coa_102301,Other accrued income,102310,data_account_type_receivable,FALSE
ee_coa_102302,Reimbursements by the state,102320,data_account_type_receivable,FALSE
ee_coa_102303,Doubtful receivables,102330,data_account_type_receivable,FALSE
ee_coa_102304,Other short-term receivables,102340,data_account_type_receivable,FALSE
,,,,
ee_coa_102400,Prepayment (current assets),102400,data_account_type_fixed_assets,FALSE
,,,,
,,,,
,,,,
,Inventories,103,,
ee_coa_103000,Inventory – raw materials,103000,data_account_type_current_assets,FALSE
ee_coa_103001,Inventory – work in progress,103100,data_account_type_current_assets,FALSE
ee_coa_103002,Inventory – finished goods,103200,data_account_type_current_assets,FALSE
ee_coa_103003,Inventory – goods purchased for resale ,103300,data_account_type_current_assets,FALSE
ee_coa_103004,Inventory – prepayments for inventories,103400,data_account_type_current_assets,FALSE
,,,,
ee_coa_104000,Biological current assets,104000,data_account_type_current_assets,FALSE
,,,,
,FIXED ASSETS,11,,
,Investments in subsidiaries and affiliated undertakings,110,,
ee_coa_110000,Shares of subsidiaries ,110000,data_account_type_fixed_assets,FALSE
ee_coa_110001,Shares of affiliated undertakings,110100,data_account_type_fixed_assets,FALSE
,,,,
ee_coa_111000,Financial investments (fixed asset),111000,data_account_type_fixed_assets,FALSE
,,,,
,Receivables and prepayments,112,,
ee_coa_112100,Trade receivables (fixed asset),112100,data_account_type_fixed_assets,
,,,,
,,,,
,Receivables from connected parties (fixed asset),1122,,
ee_coa_112200,Long-term receivables from associated undertakings,112200,data_account_type_receivable,FALSE
ee_coa_112201,Long-term receivables from the owners,112210,data_account_type_receivable,
,,,,
ee_coa_112300,Prepaid and deferred taxes (fixed asset),112300,data_account_type_fixed_assets,FALSE
ee_coa_112400,Other long-term receivables,112400,data_account_type_fixed_assets,
ee_coa_112500,Prepayment (fixed assets),112500,data_account_type_fixed_assets,FALSE
,,,,
ee_coa_113000,Investment properties (fixed asset),113000,data_account_type_fixed_assets,FALSE
,,,,
,Tangible assets,114,,
ee_coa_114001,Land ,114100,data_account_type_fixed_assets,FALSE
ee_coa_114002,Buildings,114200,data_account_type_fixed_assets,FALSE
ee_coa_114003,Computers and computer systems,114300,data_account_type_fixed_assets,FALSE
ee_coa_114004,Means of transportation ,114400,data_account_type_fixed_assets,FALSE
ee_coa_114005,Machinery and equipment,114500,data_account_type_fixed_assets,FALSE
ee_coa_114006,Other tangible fixed assets,114600,data_account_type_fixed_assets,FALSE
,,,,
ee_coa_115000,Biological fixed assets,115000,data_account_type_fixed_assets,FALSE
,,,,
,Intangible assets,116,,
ee_coa_116000,Construction in progress (TANGIBLE NON?),116000,data_account_type_non_current_assets,FALSE
ee_coa_116001,"Patents, licences, and trade marks",116100,data_account_type_non_current_assets,FALSE
ee_coa_116002,Goodwill,116200,data_account_type_non_current_assets,FALSE
ee_coa_116003,Other intangible fixed assets,116300,data_account_type_non_current_assets,FALSE
,,,,
,,,,
,,,,
,LIABILITIES AND OWNERS' EQUITY,2,,
,Liabilities,20,,
,Current liabilities,200,,
,Loan liabilities,201,,
ee_coa_201000,Short-term loans ,201000,data_account_type_current_liabilities,FALSE
ee_coa_201001,Short-term notes ,201100,data_account_type_current_liabilities,
ee_coa_201002,Current portion of long-term debt obligations,201200,data_account_type_current_liabilities,FALSE
ee_coa_201003,Current portion of long-term financial lease liabilities,201300,data_account_type_current_liabilities,FALSE
ee_coa_201004,Interest arrears,201004,data_account_type_current_liabilities,FALSE
,Payable and prepayments,202,,
,Trade creditors,2021,,
ee_coa_202100,Payable account,202100,data_account_type_payable,
,Short-term notes ,,,
,Employee-related liabilities,2022,,
ee_coa_202200,Wage accruals,202200,,
ee_coa_202201,Unemployment insurance premium,202210,,
ee_coa_202202,Other short-term employee-related liabilities,202220,,
,,,,
,Taxes payable,2023,,
ee_coa_202300,VAT payable,202300,data_account_type_payable,
,Land tax,,,
,Withholding tax on fringe benefits,,,
,Tax – income tax on the costs of entertaining guests,,,
,,,,
,Other payable,2024,,
ee_coa_202400,Other payable Account,202400,data_account_type_current_liabilities,
ee_coa_202401,Debt of the traveling expenses,202410,data_account_type_current_liabilities,FALSE
ee_coa_202402,Dividend arrears,202420,data_account_type_current_liabilities,FALSE
ee_coa_202403,Short-term payable to enterprises belonging to the same consolidated group,202430,data_account_type_current_liabilities,
,,,,
ee_coa_2025,Prepaid revenues,2025,,
,Prepaid revenues account (current liability),202500,data_account_type_current_liabilities,
ee_coa_202600,Other received prepayments (current liability),202600,data_account_type_current_liabilities,
ee_coa_203,Provisions ,203,,
ee_coa_203000,Short-term provision for warranty,203000,data_account_type_current_liabilities,
ee_coa_203001,Short-term provision for taxation,203100,data_account_type_current_liabilities,
ee_coa_203002,Other short-term provision,203200,data_account_type_current_liabilities,
ee_coa_,Targeted financing ???,,,
ee_coa_21,Non-current liabilities,21,,
ee_coa_211,Loan liabilities,211,,
ee_coa_211000,Long-term loans,211000,,
ee_coa_211001,Long-term notes,211100,,
ee_coa_211002,Long-term financial lease ,211200,,
ee_coa_,,,,
ee_coa_212,Payable and prepayments,212,,
,,,,
ee_coa_2121,Trade creditors,2121,,
ee_coa_2122,Employee-related liabilities,2122,,
ee_coa_2123,Taxes payable,2123,,
ee_coa_2124,Other payable,2124,,
,Long-term convertible debt,212400,,
,Long-term payables to enterprises belonging to the same consolidated group,212410,,
,Long-term payables associated undertakings,212420,,
,Other long-term payables,212430,,
,,,,
,,,,
,,,,
ee_coa_2125,Prepaid revenues,2125,,
ee_coa_2126,Other received prepayments,2126,,
ee_coa_213,Provisions ,213,,
ee_coa_213000,Long-term provision for warranty,213000,data_account_type_non_current_liabilities,
ee_coa_213001,Long-term provision for taxation,213100,data_account_type_non_current_liabilities,
ee_coa_213002,Other long-term provision,213200,data_account_type_non_current_liabilities,
ee_coa_,,,,
ee_coa_,,,,
ee_coa_300103,Money in transit,300103,data_account_type_liquidity,FALSE
ee_coa_300104,Other reserves,300104,data_account_type_liquidity,FALSE
ee_coa_300105,Legal reserve,300105,data_account_type_liquidity,FALSE
ee_coa_,,,,
ee_coa_,,,,
ee_coa_,,,,
ee_coa_305000,Nominal value of share capital,305000,data_account_type_equity,FALSE
ee_coa_305001,Unpaid share capital,305001,data_account_type_equity,FALSE
ee_coa_305002,Share premium,305002,data_account_type_equity,FALSE
ee_coa_305003,Own shares (minus),305003,data_account_type_equity,FALSE
ee_coa_305004,Shares in subsidiaries,305004,data_account_type_equity,FALSE
ee_coa_305005,Shares in associated undertakings,305005,data_account_type_equity,FALSE
ee_coa_305006,Shares and other securities,305006,data_account_type_equity,FALSE
ee_coa_,,,,
ee_coa_999999,Current year earnings,999999,data_unaffected_earnings,FALSE
ee_coa_,,,,
ee_coa_200100,Income account,200100,data_account_type_revenue,TRUE
ee_coa_200101,Sale of goods in Estonia ,200101,data_account_type_revenue,FALSE
ee_coa_200102,Sale of services in Estonia ,200102,data_account_type_revenue,FALSE
ee_coa_200103,Sale of goods in the EU ,200103,data_account_type_revenue,FALSE
ee_coa_200104,Sale of services in the EU ,200104,data_account_type_revenue,FALSE
ee_coa_,Other operating revenue,,data_account_type_revenue,
ee_coa_200105,Turnover,200105,data_account_type_revenue,FALSE
ee_coa_200106,Asset sales ,200106,data_account_type_revenue,FALSE
ee_coa_200107,Asset sales intermediate account,200107,data_account_type_revenue,FALSE
ee_coa_200109,Profit from sale of fixed assets,200109,data_account_type_revenue,FALSE
ee_coa_201101,Fines for delay at the expense of buyers,201101,data_account_type_revenue,FALSE
ee_coa_201102,Exchange gains from settlements with buyers and suppliers,201102,data_account_type_revenue,FALSE
ee_coa_201104,Financial income – shares in subsidiaries,201104,data_account_type_revenue,FALSE
ee_coa_201105,Financial income – shares in associated undertakings,201105,data_account_type_revenue,FALSE
ee_coa_201106,Financial income – other long-term financial investments,201106,data_account_type_revenue,FALSE
ee_coa_201107,Interest income,201107,data_account_type_revenue,FALSE
ee_coa_201108,Gains on exchange of foreign currency,201108,data_account_type_revenue,FALSE
ee_coa_201200,Revenues for future periods received in advance,201200,data_account_type_revenue,FALSE
ee_coa_201201,Deferred income from targeted financing,201201,data_account_type_revenue,FALSE
ee_coa_201301,Other operating revenue,201301,data_account_type_other_income,FALSE
ee_coa_201302,Other financial income,201302,data_account_type_other_income,FALSE
ee_coa_201303,Special income,201303,data_account_type_other_income,FALSE
ee_coa_,,,,
ee_coa_,,,,
ee_coa_,,,,
ee_coa_,,,,
ee_coa_202100,Expense account,202100,data_account_type_expenses,FALSE
ee_coa_,Cost of goods sold,,,
ee_coa_202102,Purchase of goods in Estonia ,202102,data_account_type_expenses,FALSE
ee_coa_202103,Purchase of services in Estonia ,202103,data_account_type_expenses,FALSE
ee_coa_202104,Purchase of goods in the EU ,202104,data_account_type_expenses,FALSE
ee_coa_202105,Purchase of services in the EU ,202105,data_account_type_expenses,FALSE
ee_coa_,,,,
ee_coa_202107,"Instructions, packaging",202107,data_account_type_expenses,FALSE
ee_coa_202108,Handing expenses for goods at purchase,202108,data_account_type_expenses,FALSE
ee_coa_202109,Customs expenses,202109,data_account_type_expenses,FALSE
ee_coa_202110,Transportation expense at purchase,202110,data_account_type_expenses,FALSE
ee_coa_,,,,
ee_coa_202111,Other operating costs,202111,data_account_type_expenses,FALSE
ee_coa_202112,Lease expenses,202112,data_account_type_expenses,FALSE
ee_coa_202113,"Utilities (electricity, water, heat, administrative)",202113,data_account_type_expenses,FALSE
ee_coa_202114,Office or workshop maintenance,202114,data_account_type_expenses,FALSE
ee_coa_202115,Office of workshop insurance,202115,data_account_type_expenses,FALSE
ee_coa_202116,Office or workshop security costs,202116,data_account_type_expenses,FALSE
ee_coa_202117,"Office products, postage",202117,data_account_type_expenses,FALSE
ee_coa_202118,Office inventory maintenance and repair,202118,data_account_type_expenses,FALSE
ee_coa_202119,Computer and network maintenance,202119,data_account_type_expenses,FALSE
ee_coa_202120,Information and education materials,202120,data_account_type_expenses,FALSE
ee_coa_202121,Periodicals,202121,data_account_type_expenses,FALSE
ee_coa_202122,Desktop telephone costs,202122,data_account_type_expenses,FALSE
ee_coa_202123,Mobile telephone calls,202123,data_account_type_expenses,FALSE
ee_coa_202124,Internet,202124,data_account_type_expenses,FALSE
ee_coa_202125,Banking services,202125,data_account_type_expenses,FALSE
ee_coa_202126,"Legal expenses, contract fees",202126,data_account_type_expenses,FALSE
ee_coa_202127,State fees,202127,data_account_type_expenses,FALSE
ee_coa_202128,Consultation costs,202128,data_account_type_expenses,FALSE
ee_coa_202129,Accounting services,202129,data_account_type_expenses,FALSE
ee_coa_202130,Advertising,202130,data_account_type_expenses,FALSE
ee_coa_202131,Motor fuel,202131,data_account_type_expenses,FALSE
ee_coa_202132,Car maintenance and repairs,202132,data_account_type_expenses,FALSE
ee_coa_202133,Car insurance,202133,data_account_type_expenses,FALSE
ee_coa_202134,Compensation for the use of a personal car,202134,data_account_type_expenses,FALSE
ee_coa_202135,Car rental,202135,data_account_type_expenses,FALSE
ee_coa_202136,Travel expenses,202136,data_account_type_expenses,FALSE
ee_coa_202137,In-service training for personnel,202137,data_account_type_expenses,FALSE
ee_coa_202138,Occupational health and safety,202138,data_account_type_expenses,FALSE
ee_coa_202139,Workers' compensation for sports,202139,data_account_type_expenses,FALSE
ee_coa_202140,Fringe benefits expense,202140,data_account_type_expenses,FALSE
ee_coa_202141,Transportation and forwarding costs,202141,data_account_type_expenses,FALSE
ee_coa_202142,Costs of entertaining guests,202142,data_account_type_expenses,FALSE
ee_coa_202143,Bad debts expense,202143,data_account_type_expenses,FALSE
ee_coa_202144,Irrecoverable receivables,202144,data_account_type_expenses,FALSE
ee_coa_202145,Other marketing costs,202145,data_account_type_expenses,FALSE
ee_coa_202146,Other administrative expenditures,202146,data_account_type_expenses,FALSE
ee_coa_202147,Wages and salaries,202147,data_account_type_expenses,FALSE
ee_coa_202149,Unemployment insurance costs,202149,data_account_type_expenses,FALSE
ee_coa_202150,Pension expenses,202150,data_account_type_expenses,FALSE
ee_coa_202151,Loss from selling fixed assets,202151,data_account_type_expenses,FALSE
ee_coa_202152,Loss from sale of investment properties,202152,data_account_type_expenses,FALSE
ee_coa_202153,Expenses not related to business,202153,data_account_type_expenses,FALSE
ee_coa_202154,Gifts and donations,202154,data_account_type_expenses,FALSE
ee_coa_202155,Exchange losses from settlements with buyers and suppliers,202155,data_account_type_expenses,FALSE
ee_coa_202156,Membership fees for associations,202156,data_account_type_expenses,FALSE
ee_coa_202157,Fines and fines for delay,202157,data_account_type_expenses,FALSE
ee_coa_202159,Financial expenses – from shares in subsidiaries,202159,data_account_type_expenses,FALSE
ee_coa_202160,Financial expenses – from shares in associated undertakings,202160,data_account_type_expenses,FALSE
ee_coa_202161,Financial expenses – from other long-term financial investments,202161,data_account_type_expenses,FALSE
ee_coa_202162,Interest expenses,202162,data_account_type_expenses,FALSE
ee_coa_202163,Loss on exchange of foreign currency,202163,data_account_type_expenses,FALSE
ee_coa_202164,Other financial expenses,202164,data_account_type_expenses,FALSE
ee_coa_202165,Special expenses,202165,data_account_type_expenses,FALSE
ee_coa_202166,Development costs,202166,data_account_type_expenses,FALSE
ee_coa_202167,Holiday reserve,202167,data_account_type_expenses,FALSE
ee_coa_,,,,
ee_coa_,,,,
ee_coa_,,,,
ee_coa_205000,Accumulated depreciation –  investment properties,205000,data_account_type_depreciation,FALSE
ee_coa_205001,Accumulated depreciation –  buildings,205001,data_account_type_depreciation,FALSE
ee_coa_205002,Accumulated depreciation –  machinery and equipment,205002,data_account_type_depreciation,FALSE
ee_coa_205003,Accumulated depreciation –  other tangible assets,205003,data_account_type_depreciation,FALSE
ee_coa_205004,Accumulated depreciation –  computers and computer systems,205004,data_account_type_depreciation,FALSE
ee_coa_205005,Accumulated depreciation –  means of transportation,205005,data_account_type_depreciation,FALSE
ee_coa_205006,Accumulated depreciation –  other intangible assets,205006,data_account_type_depreciation,FALSE
ee_coa_250001,Prepaid expenses for future periods,250001,data_account_type_prepayments,FALSE
ee_coa_250002,Prepayments to suppliers,250002,data_account_type_prepayments,FALSE
ee_coa_250003,Prepayments for tangible assets,250003,data_account_type_prepayments,FALSE
ee_coa_250004,Prepayments for intangible assets,250004,data_account_type_prepayments,FALSE
ee_coa_,,,,
ee_coa_,,,,
ee_coa_,,,,
ee_coa_,,,,
ee_coa_,,,,
ee_coa_,,,,
ee_coa_,,,,
ee_coa_,,,,
ee_coa_,,,,
ee_coa_,,,,
ee_coa_,,,,
ee_coa_,,,,
ee_coa_,,,,
ee_coa_,,,,
ee_coa_,,,,
ee_coa_,,,,
ee_coa_,,,,
ee_coa_,,,,
ee_coa_,,,,
ee_coa_,,,,
ee_coa_,,,,
ee_coa_,,,,
ee_coa_,,,,
ee_coa_,,,,
ee_coa_,Tax – fringe benefit social tax debt,,data_account_type_payable,FALSE
ee_coa_,Tax – income tax on fringe benefits,,,FALSE
ee_coa_,Tax – income tax on the costs of entertaining guests,,,FALSE
ee_coa_,Tax – land tax ,,,FALSE
ee_coa_,Tax – personal income tax debt,,,FALSE
ee_coa_,Tax – social tax arrears,,,FALSE
ee_coa_,Tax – social tax on fringe benefits (33%),,,FALSE
ee_coa_,Tax – income tax and fringe benefit income tax (20%),,,FALSE
ee_coa_,Tax – input value added tax,,,FALSE
ee_coa_,Tax – prepayment account for taxes,,,FALSE
ee_coa_,Tax – vat on car costs,,,FALSE
ee_coa_,Tax – vat on sales,,,FALSE
ee_coa_,Tax – vat paid on an import at customs,,,FALSE
ee_coa_,Tax – vat paid upon the acquisition of fixed assets,,,FALSE
ee_coa_,Tax – ,,,FALSE
ee_coa_,Tax – withholding income tax from dividends paid to resident and non-resident natural persons,,,FALSE
ee_coa_,Tax – on transaction between associated persons ,,,FALSE
ee_coa_,Tax – profit tax on controlled foreign companies (cfc),,,FALSE
ee_coa_,Tax – withholding tax on payments to non residents,,,FALSE
ee_coa_202148,Tax – social security costs,202148,data_account_type_expenses,FALSE
ee_coa_,,,,
ee_coa_,,,,
ee_coa_,,,,
ee_coa_,,,,
ee_coa_,,,,
ee_coa_,,,,
ee_coa_,,,,
ee_coa_,,,,
ee_coa_,,,,
ee_coa_,,,,
ee_coa_,,,,
