id,code,name,account_type,reconcile,chart_template_id/id,tag_ids/id
do_niif_11010301,11010301,Depósitos a corto plazo en RD$,data_account_type_liquidity,FALSE,do_chart_template,"account_tag_1,account_tag_11,account_tag_1101,account_tag_110103"
do_niif_11010302,11010302,Depósitos a corto plazo en USD$,data_account_type_liquidity,FALSE,do_chart_template,"account_tag_1,account_tag_11,account_tag_1101,account_tag_110103"
do_niif_11020100,11020100,Bonos y Acciones Temporales,data_account_type_current_assets,FALSE,do_chart_template,"account_tag_1,account_tag_11,account_tag_1102"
do_niif_11020200,11020200,Operaciones en Bolsa,data_account_type_current_assets,FALSE,do_chart_template,"account_tag_1,account_tag_11,account_tag_1102"
do_niif_11020300,11020300,Otros Valores Negociables,data_account_type_current_assets,FALSE,do_chart_template,"account_tag_1,account_tag_11,account_tag_1102"
do_niif_11030101,11030101,Cheques Devueltos por Cobrar,data_account_type_receivable,TRUE,do_chart_template,"account_tag_1,account_tag_11,account_tag_1103,account_tag_110301"
do_niif_11030102,11030102,Intereses por Cobrar,data_account_type_receivable,TRUE,do_chart_template,"account_tag_1,account_tag_11,account_tag_1103,account_tag_110301"
do_niif_11030201,11030201,Cuentas por Cobrar a Clientes,data_account_type_receivable,TRUE,do_chart_template,"account_tag_1,account_tag_11,account_tag_1103,account_tag_110302"
do_niif_11030210,11030210,Cuentas por Cobrar a Clientes (PoS),data_account_type_receivable,TRUE,do_chart_template,"account_tag_1,account_tag_11,account_tag_1103,account_tag_110302"
do_niif_11030202,11030202,Cuentas por Cobrar a Funcionarios y Empleados,data_account_type_receivable,TRUE,do_chart_template,"account_tag_1,account_tag_11,account_tag_1103,account_tag_110302"
do_niif_11030203,11030203,Cuentas por Cobrar a Afiliadas,data_account_type_receivable,TRUE,do_chart_template,"account_tag_1,account_tag_11,account_tag_1103,account_tag_110302"
do_niif_11030204,11030204,Cuentas por Cobrar a Accionistas,data_account_type_receivable,TRUE,do_chart_template,"account_tag_1,account_tag_11,account_tag_1103,account_tag_110302"
do_niif_11030205,11030205,Otras Cuentas por Cobrar,data_account_type_receivable,TRUE,do_chart_template,"account_tag_1,account_tag_11,account_tag_1103,account_tag_110302"
do_niif_11040100,11040100,Provisiones de Incobrables a Clientes,data_account_type_current_assets,FALSE,do_chart_template,"account_tag_1,account_tag_11,account_tag_1104"
do_niif_11040200,11040200,Provisiones de Incobrables a Funcionarios y Empleados,data_account_type_current_assets,FALSE,do_chart_template,"account_tag_1,account_tag_11,account_tag_1104"
do_niif_11040300,11040300,Provisiones de Incobrables a Afiliadas,data_account_type_current_assets,FALSE,do_chart_template,"account_tag_1,account_tag_11,account_tag_1104"
do_niif_11040400,11040400,Provisiones de Incobrables a Accionistas,data_account_type_current_assets,FALSE,do_chart_template,"account_tag_1,account_tag_11,account_tag_1104"
do_niif_11040500,11040500,Provisiones de Otras Cuentas Incobrables,data_account_type_current_assets,FALSE,do_chart_template,"account_tag_1,account_tag_11,account_tag_1104"
do_niif_11050100,11050100,Inventario de Mercancías o Productos Terminados,data_account_type_current_assets,FALSE,do_chart_template,"account_tag_1,account_tag_11,account_tag_1105"
do_niif_11050200,11050200,Inventario de Materia Prima,data_account_type_current_assets,FALSE,do_chart_template,"account_tag_1,account_tag_11,account_tag_1105"
do_niif_11050300,11050300,Inventario en Tránsito,data_account_type_current_assets,FALSE,do_chart_template,"account_tag_1,account_tag_11,account_tag_1105"
do_niif_11050400,11050400,Inventario de Materiales y Suministros,data_account_type_current_assets,FALSE,do_chart_template,"account_tag_1,account_tag_11,account_tag_1105"
do_niif_11050500,11050500,Inventario de Combustibles,data_account_type_current_assets,FALSE,do_chart_template,"account_tag_1,account_tag_11,account_tag_1105"
do_niif_11050600,11050600,Bienes Enviados No Facturados,data_account_type_current_assets,TRUE,do_chart_template,"account_tag_1,account_tag_11,account_tag_1105"
do_niif_11060100,11060100,Deterioro Acum. de Inventario en Almacen,data_account_type_current_assets,FALSE,do_chart_template,"account_tag_1,account_tag_11,account_tag_1106"
do_niif_11060200,11060200,Deterioro Acum. de Materiales y Suministros,data_account_type_current_assets,FALSE,do_chart_template,"account_tag_1,account_tag_11,account_tag_1106"
do_niif_11060300,11060300,Deterioro Acum. de Combustibles,data_account_type_current_assets,FALSE,do_chart_template,"account_tag_1,account_tag_11,account_tag_1106"
do_niif_11070100,11070100,Obsolescencia de Inventario en Almacen,data_account_type_current_assets,FALSE,do_chart_template,"account_tag_1,account_tag_11,account_tag_1107"
do_niif_11070200,11070200,Obsolescencia de Materiales y Suministros,data_account_type_current_assets,FALSE,do_chart_template,"account_tag_1,account_tag_11,account_tag_1107"
do_niif_11070300,11070300,Obsolescencia de Combustibles,data_account_type_current_assets,FALSE,do_chart_template,"account_tag_1,account_tag_11,account_tag_1107"
do_niif_11080101,11080101,ITBIS Pagado en Compras de Bienes Locales,data_account_type_current_assets,FALSE,do_chart_template,"account_tag_1,account_tag_11,account_tag_1108,account_tag_110801"
do_niif_11080102,11080102,ITBIS Pagado en Compras de Servicios Deducibles,data_account_type_current_assets,FALSE,do_chart_template,"account_tag_1,account_tag_11,account_tag_1108,account_tag_110801"
do_niif_11080103,11080103,ITBIS Pagado en Importaciones,data_account_type_current_assets,FALSE,do_chart_template,"account_tag_1,account_tag_11,account_tag_1108,account_tag_110801"
do_niif_11080104,11080104,ITBIS en Compras de Bienes o Servicios Sujetos a Proporcionalidad,data_account_type_current_assets,FALSE,do_chart_template,"account_tag_1,account_tag_11,account_tag_1108,account_tag_110801"
do_niif_11080105,11080105,ITBIS en Importaciones Sujeto a Proporcionalidad,data_account_type_current_assets,FALSE,do_chart_template,"account_tag_1,account_tag_11,account_tag_1108,account_tag_110801"
do_niif_11080106,11080106,ITBIS Pagado en Importaciones Sujeto a Proporcionalidad,data_account_type_current_assets,FALSE,do_chart_template,"account_tag_1,account_tag_11,account_tag_1108,account_tag_110801"
do_niif_11080301,11080301,ITBIS Retenido por Ventas (N08-04 y N02-05),data_account_type_current_assets,FALSE,do_chart_template,"account_tag_1,account_tag_11,account_tag_1108,account_tag_110803"
do_niif_11080302,11080302,ITBIS Retenido por Entidades del Estado (5%),data_account_type_current_assets,FALSE,do_chart_template,"account_tag_1,account_tag_11,account_tag_1108,account_tag_110803"
do_niif_11080303,11080303,Saldo a Favor Anterior,data_account_type_current_assets,FALSE,do_chart_template,"account_tag_1,account_tag_11,account_tag_1108,account_tag_110803"
do_niif_11090100,11090100,Acciones Temporales,data_account_type_current_assets,FALSE,do_chart_template,"account_tag_1,account_tag_11,account_tag_1109"
do_niif_11090200,11090200,Depósitos a Plazo Temporales,data_account_type_current_assets,FALSE,do_chart_template,"account_tag_1,account_tag_11,account_tag_1109"
do_niif_11090300,11090300,Bonos Temporales,data_account_type_current_assets,FALSE,do_chart_template,"account_tag_1,account_tag_11,account_tag_1109"
do_niif_11090400,11090400,Fianzas y Depósitos,data_account_type_current_assets,FALSE,do_chart_template,"account_tag_1,account_tag_11,account_tag_1109"
do_niif_11100100,11100100,Avance a Proveedores,data_account_type_prepayments,FALSE,do_chart_template,"account_tag_1,account_tag_11,account_tag_1110"
do_niif_11100200,11100200,Alquileres pagados por Anticipado,data_account_type_prepayments,FALSE,do_chart_template,"account_tag_1,account_tag_11,account_tag_1110"
do_niif_11100300,11100300,Anticipos para Seguros,data_account_type_prepayments,FALSE,do_chart_template,"account_tag_1,account_tag_11,account_tag_1110"
do_niif_11100400,11100400,Anticipos para ISR,data_account_type_prepayments,FALSE,do_chart_template,"account_tag_1,account_tag_11,account_tag_1110"
do_niif_11100500,11100500,Anticipos para Gastos,data_account_type_prepayments,FALSE,do_chart_template,"account_tag_1,account_tag_11,account_tag_1110"
do_niif_11100600,11100600,Anticipos para 1% Activos,data_account_type_prepayments,FALSE,do_chart_template,"account_tag_1,account_tag_11,account_tag_1110"
do_niif_12010101,12010101,Terrenos,data_account_type_fixed_assets,FALSE,do_chart_template,"account_tag_1,account_tag_12,account_tag_1201,account_tag_120101"
do_niif_12010102,12010102,Edificaciones,data_account_type_fixed_assets,FALSE,do_chart_template,"account_tag_1,account_tag_12,account_tag_1201,account_tag_120101"
do_niif_12010103,12010103,Mejoras en Edificaciones,data_account_type_fixed_assets,FALSE,do_chart_template,"account_tag_1,account_tag_12,account_tag_1201,account_tag_120101"
do_niif_12010104,12010104,Mejoras en Edificaciones y Locales Arrendados,data_account_type_fixed_assets,FALSE,do_chart_template,"account_tag_1,account_tag_12,account_tag_1201,account_tag_120101"
do_niif_12010201,12010201,Equipos de Transporte Liviano,data_account_type_fixed_assets,FALSE,do_chart_template,"account_tag_1,account_tag_12,account_tag_1201,account_tag_120102"
do_niif_12010202,12010202,Mobiliarios y Equipos de Oficina,data_account_type_fixed_assets,FALSE,do_chart_template,"account_tag_1,account_tag_12,account_tag_1201,account_tag_120102"
do_niif_12010301,12010301,Maquinarias,data_account_type_fixed_assets,FALSE,do_chart_template,"account_tag_1,account_tag_12,account_tag_1201,account_tag_120103"
do_niif_12010302,12010302,Herramientas,data_account_type_fixed_assets,FALSE,do_chart_template,"account_tag_1,account_tag_12,account_tag_1201,account_tag_120103"
do_niif_12010303,12010303,Instalaciones,data_account_type_fixed_assets,FALSE,do_chart_template,"account_tag_1,account_tag_12,account_tag_1201,account_tag_120103"
do_niif_12010304,12010304,Sistemas de Cámara y Seguridad,data_account_type_fixed_assets,FALSE,do_chart_template,"account_tag_1,account_tag_12,account_tag_1201,account_tag_120103"
do_niif_12010305,12010305,Misceláneos u otros activos,data_account_type_fixed_assets,FALSE,do_chart_template,"account_tag_1,account_tag_12,account_tag_1201,account_tag_120103"
do_niif_12020100,12020100,Depreciación Acum. de Edificios,data_account_type_non_current_assets,FALSE,do_chart_template,"account_tag_1,account_tag_12,account_tag_1202"
do_niif_12020200,12020200,Depreciación Acum. de Equipos de Transporte,data_account_type_non_current_assets,FALSE,do_chart_template,"account_tag_1,account_tag_12,account_tag_1202"
do_niif_12020300,12020300,Depreciación Acum. de Mobiliarios y Equipos,data_account_type_non_current_assets,FALSE,do_chart_template,"account_tag_1,account_tag_12,account_tag_1202"
do_niif_12020400,12020400,Depreciación Acum. de Maquinarias,data_account_type_non_current_assets,FALSE,do_chart_template,"account_tag_1,account_tag_12,account_tag_1202"
do_niif_12020500,12020500,Depreciación Acum. de Herramientas,data_account_type_non_current_assets,FALSE,do_chart_template,"account_tag_1,account_tag_12,account_tag_1202"
do_niif_12020600,12020600,Depreciación Acum. de Instalaciones,data_account_type_non_current_assets,FALSE,do_chart_template,"account_tag_1,account_tag_12,account_tag_1202"
do_niif_12040100,12040100,Marcas y Patentes,data_account_type_fixed_assets,FALSE,do_chart_template,"account_tag_1,account_tag_12,account_tag_1204"
do_niif_12040200,12040200,Licencias y Programas Informáticos,data_account_type_fixed_assets,FALSE,do_chart_template,"account_tag_1,account_tag_12,account_tag_1204"
do_niif_12050100,12050100,Edificaciones y Locales Arrendados,data_account_type_fixed_assets,FALSE,do_chart_template,"account_tag_1,account_tag_12,account_tag_1205"
do_niif_12050200,12050200,Maquinarias y Equipos Arrendados,data_account_type_fixed_assets,FALSE,do_chart_template,"account_tag_1,account_tag_12,account_tag_1205"
do_niif_12050300,12050300,Instalaciones Arrendadas,data_account_type_fixed_assets,FALSE,do_chart_template,"account_tag_1,account_tag_12,account_tag_1205"
do_niif_12060100,12060100,Depreciación Acum. Edificaciones y Locales Arrendados,data_account_type_non_current_assets,FALSE,do_chart_template,"account_tag_1,account_tag_12,account_tag_1206"
do_niif_12060200,12060200,Depreciación Acum. Maquinarias y Equipos Arrendados,data_account_type_non_current_assets,FALSE,do_chart_template,"account_tag_1,account_tag_12,account_tag_1206"
do_niif_12060300,12060300,Depreciación Acum. Instalaciones Arrendadas,data_account_type_non_current_assets,FALSE,do_chart_template,"account_tag_1,account_tag_12,account_tag_1206"
do_niif_12070100,12070100,Deterioro Valor Acum. Edificios y Locales Arrendados,data_account_type_non_current_assets,FALSE,do_chart_template,"account_tag_1,account_tag_12,account_tag_1207"
do_niif_12070200,12070200,Deterioro Valor Acum. Maquinaria y Equipo Arrendado,data_account_type_non_current_assets,FALSE,do_chart_template,"account_tag_1,account_tag_12,account_tag_1207"
do_niif_12070300,12070300,Deterioro Valor Acum. Instalaciones Arrendadas,data_account_type_non_current_assets,FALSE,do_chart_template,"account_tag_1,account_tag_12,account_tag_1207"
do_niif_12080100,12080100,Acciones en otras sociedades,data_account_type_non_current_assets,FALSE,do_chart_template,"account_tag_1,account_tag_12,account_tag_1208"
do_niif_12090100,12090100,Diferencias temporales deducibles,data_account_type_non_current_assets,FALSE,do_chart_template,"account_tag_1,account_tag_12,account_tag_1209"
do_niif_12090200,12090200,Gastos Organizacionales Diferidos,data_account_type_non_current_assets,FALSE,do_chart_template,"account_tag_1,account_tag_12,account_tag_1209"
do_niif_12090300,12090300,ISR Deducible,data_account_type_non_current_assets,FALSE,do_chart_template,"account_tag_1,account_tag_12,account_tag_1209"
do_niif_13010100,13010101,Costos de Construcción en Proceso,data_account_type_non_current_assets,FALSE,do_chart_template,
do_niif_21010100,21010100,Préstamos Bancarios por Pagar,data_account_type_payable,TRUE,do_chart_template,"account_tag_2,account_tag_21,account_tag_2101"
do_niif_21010200,21010200,Cuentas por Pagar a Proveedores Locales,data_account_type_payable,TRUE,do_chart_template,"account_tag_2,account_tag_21,account_tag_2101"
do_niif_21010300,21010300,Cuentas por Pagar a Proveedores del Exterior,data_account_type_payable,TRUE,do_chart_template,"account_tag_2,account_tag_21,account_tag_2101"
do_niif_21010400,21010400,Cuentas por Pagar a Afiliadas,data_account_type_payable,TRUE,do_chart_template,"account_tag_2,account_tag_21,account_tag_2101"
do_niif_21010500,21010500,Cuentas por Pagar a Accionistas,data_account_type_payable,TRUE,do_chart_template,"account_tag_2,account_tag_21,account_tag_2101"
do_niif_21010600,21010600,Nóminas por Pagar,data_account_type_payable,TRUE,do_chart_template,"account_tag_2,account_tag_21,account_tag_2101"
do_niif_21010700,21010700,Intereses por Pagar,data_account_type_payable,TRUE,do_chart_template,"account_tag_2,account_tag_21,account_tag_2101"
do_niif_21010800,21010800,Otras Cuentas por Pagar,data_account_type_payable,TRUE,do_chart_template,"account_tag_2,account_tag_21,account_tag_2101"
do_niif_21020100,21020100,Dividendos por Pagar,data_account_type_non_current_liabilities,FALSE,do_chart_template,"account_tag_2,account_tag_21,account_tag_2102"
do_niif_21020200,21020200,Comisiones por Pagar,data_account_type_non_current_liabilities,FALSE,do_chart_template,"account_tag_2,account_tag_21,account_tag_2102"
do_niif_21020300,21020300,Vacaciones por Pagar,data_account_type_non_current_liabilities,FALSE,do_chart_template,"account_tag_2,account_tag_21,account_tag_2102"
do_niif_21020400,21020400,Bonificaciones por Pagar,data_account_type_non_current_liabilities,FALSE,do_chart_template,"account_tag_2,account_tag_21,account_tag_2102"
do_niif_21020500,21020500,Regalía Pascual por Pagar,data_account_type_non_current_liabilities,FALSE,do_chart_template,"account_tag_2,account_tag_21,account_tag_2102"
do_niif_21020600,21020600,Seguro Médico por Pagar,data_account_type_non_current_liabilities,FALSE,do_chart_template,"account_tag_2,account_tag_21,account_tag_2102"
do_niif_21020700,21020700,Seguro Familiar de Salud (SFS) por Pagar,data_account_type_non_current_liabilities,FALSE,do_chart_template,"account_tag_2,account_tag_21,account_tag_2102"
do_niif_21020800,21020800,Aporte a Fondo de Pensiones (AFP) por Pagar,data_account_type_non_current_liabilities,FALSE,do_chart_template,"account_tag_2,account_tag_21,account_tag_2102"
do_niif_21020900,21020900,Seguro de Riesgo Laboral (SRL) por Pagar,data_account_type_non_current_liabilities,FALSE,do_chart_template,"account_tag_2,account_tag_21,account_tag_2102"
do_niif_21021000,21021000,INFOTEP por Pagar,data_account_type_payable,TRUE,do_chart_template,"account_tag_2,account_tag_21,account_tag_2102"
do_niif_21021100,21021100,Tesorería de la Seguridad Social (TSS) por Pagar,data_account_type_payable,TRUE,do_chart_template,"account_tag_2,account_tag_21,account_tag_2102"
do_niif_21021200,21021200,Bienes Recibidos no Facturados,data_account_type_non_current_liabilities,TRUE,do_chart_template,"account_tag_2,account_tag_21,account_tag_2102"
do_niif_21030101,21030101,ITBIS por Venta Servicios,data_account_type_non_current_liabilities,FALSE,do_chart_template,"account_tag_2,account_tag_21,account_tag_2103,account_tag_210301"
do_niif_21030102,21030102,ITBIS por Venta Bienes,data_account_type_non_current_liabilities,FALSE,do_chart_template,"account_tag_2,account_tag_21,account_tag_2103,account_tag_210301"
do_niif_21030103,21030103,ITBIS por Venta Servicios en Nombre de Terceros,data_account_type_non_current_liabilities,FALSE,do_chart_template,"account_tag_2,account_tag_21,account_tag_2103,account_tag_210301"
do_niif_21030201,21030201,ITBIS Retenido a Persona Jurídica (N02-05),data_account_type_non_current_liabilities,FALSE,do_chart_template,"account_tag_2,account_tag_21,account_tag_2103,account_tag_210302"
do_niif_21030202,21030202,ITBIS Retenido a Persona Física (R293-11),data_account_type_non_current_liabilities,FALSE,do_chart_template,"account_tag_2,account_tag_21,account_tag_2103,account_tag_210302"
do_niif_21030203,21030203,ITBIS Retenido a Entidades No Lucrativas (N01-11),data_account_type_non_current_liabilities,FALSE,do_chart_template,"account_tag_2,account_tag_21,account_tag_2103,account_tag_210302"
do_niif_21030204,21030204,ITBIS Retenido por Servicios Profesionales (N02-05),data_account_type_non_current_liabilities,FALSE,do_chart_template,"account_tag_2,account_tag_21,account_tag_2103,account_tag_210302"
do_niif_21030205,21030205,ITBIS Retenido a Informales de Bienes (N08-10),data_account_type_non_current_liabilities,FALSE,do_chart_template,"account_tag_2,account_tag_21,account_tag_2103,account_tag_210302"
do_niif_21030301,21030301,ISR Retenido por Honorarios Profesionales de Personas Físicas,data_account_type_non_current_liabilities,FALSE,do_chart_template,"account_tag_2,account_tag_21,account_tag_2103,account_tag_210303"
do_niif_21030302,21030302,ISR Retenido por Alquileres Pagados a Personas Físicas,data_account_type_non_current_liabilities,FALSE,do_chart_template,"account_tag_2,account_tag_21,account_tag_2103,account_tag_210303"
do_niif_21030303,21030303,ISR Retenido por Dividendos Pagados,data_account_type_non_current_liabilities,FALSE,do_chart_template,"account_tag_2,account_tag_21,account_tag_2103,account_tag_210303"
do_niif_21030304,21030304,ISR Retenido por Intereses Pagados al Exterior,data_account_type_non_current_liabilities,FALSE,do_chart_template,"account_tag_2,account_tag_21,account_tag_2103,account_tag_210303"
do_niif_21030305,21030305,ISR Retenido por Intereses Pagados,data_account_type_non_current_liabilities,FALSE,do_chart_template,"account_tag_2,account_tag_21,account_tag_2103,account_tag_210303"
do_niif_21030306,21030306,ISR Retenido por Transferencias de Títulos y Propiedades,data_account_type_non_current_liabilities,FALSE,do_chart_template,"account_tag_2,account_tag_21,account_tag_2103,account_tag_210303"
do_niif_21030307,21030307,ISR Retenido por Remesas al Exterior (L253-12),data_account_type_non_current_liabilities,FALSE,do_chart_template,"account_tag_2,account_tag_21,account_tag_2103,account_tag_210303"
do_niif_21030308,21030308,Otras Retenciones (N07-07),data_account_type_non_current_liabilities,FALSE,do_chart_template,"account_tag_2,account_tag_21,account_tag_2103,account_tag_210303"
do_niif_21030309,21030309,Otras Retenciones,data_account_type_non_current_liabilities,FALSE,do_chart_template,"account_tag_2,account_tag_21,account_tag_2103,account_tag_210303"
do_niif_21030401,21030401,Retención de Impuesto al Salario (ISR del IR3),data_account_type_non_current_liabilities,FALSE,do_chart_template,"account_tag_2,account_tag_21,account_tag_2103,account_tag_210304"
do_niif_21030402,21030402,Retención de Seguro Familiar de Salud (SFS),data_account_type_non_current_liabilities,FALSE,do_chart_template,"account_tag_2,account_tag_21,account_tag_2103,account_tag_210304"
do_niif_21030403,21030403,Retención de Fondo de Pensiones (AFP),data_account_type_non_current_liabilities,FALSE,do_chart_template,"account_tag_2,account_tag_21,account_tag_2103,account_tag_210304"
do_niif_21030404,21030404,Retención de INFOTEP (0.5%),data_account_type_non_current_liabilities,FALSE,do_chart_template,"account_tag_2,account_tag_21,account_tag_2103,account_tag_210304"
do_niif_21030501,21030501,ISR por Pagar,data_account_type_non_current_liabilities,FALSE,do_chart_template,"account_tag_2,account_tag_21,account_tag_2103,account_tag_210305"
do_niif_21030502,21030502,Anticipos ISR por Pagar,data_account_type_non_current_liabilities,FALSE,do_chart_template,"account_tag_2,account_tag_21,account_tag_2103,account_tag_210305"
do_niif_21030503,21030503,Propina Legal por Pagar (L16-92),data_account_type_non_current_liabilities,FALSE,do_chart_template,"account_tag_2,account_tag_21,account_tag_2103,account_tag_210305"
do_niif_21030504,21030504,Otros Impuestos por Pagar,data_account_type_non_current_liabilities,FALSE,do_chart_template,"account_tag_2,account_tag_21,account_tag_2103,account_tag_210305"
do_niif_21040100,21040100,Provisiones Pago Alquileres,data_account_type_non_current_liabilities,FALSE,do_chart_template,"account_tag_2,account_tag_21,account_tag_2104"
do_niif_21040200,21040200,Provisiones Arrendamiento Financiero,data_account_type_non_current_liabilities,FALSE,do_chart_template,"account_tag_2,account_tag_21,account_tag_2104"
do_niif_21040300,21040300,Provisiones Gastos Fijos,data_account_type_non_current_liabilities,FALSE,do_chart_template,"account_tag_2,account_tag_21,account_tag_2104"
do_niif_21050100,21050100,Tarjeta de Crédito Empresarial,data_account_type_non_current_liabilities,FALSE,do_chart_template,"account_tag_2,account_tag_21,account_tag_2105"
do_niif_21050200,21050200,Prima de Tarjetas de Crédito,data_account_type_non_current_liabilities,FALSE,do_chart_template,"account_tag_2,account_tag_21,account_tag_2105"
do_niif_22010100,22010100,Préstamos Bancarios Largo Plazo,data_account_type_non_current_liabilities,FALSE,do_chart_template,"account_tag_2,account_tag_22,account_tag_2201"
do_niif_22010200,22010200,Préstamos Hipotecarios LP,data_account_type_non_current_liabilities,FALSE,do_chart_template,"account_tag_2,account_tag_22,account_tag_2201"
do_niif_22012300,22012300,Préstamos Accionistas / Particulares,data_account_type_non_current_liabilities,FALSE,do_chart_template,"account_tag_2,account_tag_22,account_tag_2201"
do_niif_22020100,22020100,Provisiones Beneficios de Empleados LP,data_account_type_non_current_liabilities,FALSE,do_chart_template,"account_tag_2,account_tag_22,account_tag_2202"
do_niif_22020200,22020200,Provisiones Prestaciones Laborales,data_account_type_non_current_liabilities,FALSE,do_chart_template,"account_tag_2,account_tag_22,account_tag_2202"
do_niif_22020300,22020300,Provisiones Indemnizaciones,data_account_type_non_current_liabilities,FALSE,do_chart_template,"account_tag_2,account_tag_22,account_tag_2202"
do_niif_22030100,22030100,Anticipos o Garantías de Clientes,data_account_type_non_current_liabilities,FALSE,do_chart_template,"account_tag_2,account_tag_22,account_tag_2203"
do_niif_22030200,22030200,Depósitos por Identificar,data_account_type_non_current_liabilities,FALSE,do_chart_template,"account_tag_2,account_tag_22,account_tag_2203"
do_niif_22040100,22040100,Provisiones Arrendamiento Financiero LP,data_account_type_non_current_liabilities,FALSE,do_chart_template,"account_tag_2,account_tag_22,account_tag_2204"
do_niif_31010100,31010100,Capital Social Autorizado,data_account_type_equity,FALSE,do_chart_template,"account_tag_3,account_tag_31,account_tag_3101"
do_niif_31010200,31010200,Capital Social en Acciones no Emitidas,data_account_type_equity,FALSE,do_chart_template,"account_tag_3,account_tag_31,account_tag_3101"
do_niif_31010300,31010300,Capital Social Pagado,data_account_type_equity,FALSE,do_chart_template,"account_tag_3,account_tag_31,account_tag_3101"
do_niif_31010400,31010400,Capital Social No Pagado,data_account_type_equity,FALSE,do_chart_template,"account_tag_3,account_tag_31,account_tag_3101"
do_niif_31010500,31010500,Acciones o Participaciones en Tesorería,data_account_type_equity,FALSE,do_chart_template,"account_tag_3,account_tag_31,account_tag_3101"
do_niif_31020100,31020100,Superávit por Revaluación de Terrenos,data_account_type_equity,FALSE,do_chart_template,"account_tag_3,account_tag_31,account_tag_3102"
do_niif_31020200,31020200,Superávit por Revaluación de Edificaciones,data_account_type_equity,FALSE,do_chart_template,"account_tag_3,account_tag_31,account_tag_3102"
do_niif_31020300,31020300,Superávit por Revaluación de Instalaciones,data_account_type_equity,FALSE,do_chart_template,"account_tag_3,account_tag_31,account_tag_3102"
do_niif_31020400,31020400,Superávit por Revaluación de Mobiliario y Equipo,data_account_type_equity,FALSE,do_chart_template,"account_tag_3,account_tag_31,account_tag_3102"
do_niif_32010100,32010100,Reserva Legal,data_account_type_equity,FALSE,do_chart_template,"account_tag_3,account_tag_32,account_tag_3201"
do_niif_33010100,33010100,Utilidades de Ejercicios Anteriores,data_account_type_equity,FALSE,do_chart_template,"account_tag_3,account_tag_33,account_tag_3301"
do_niif_33010200,33010200,Pérdidas de Ejercicios Anteriores,data_account_type_equity,FALSE,do_chart_template,"account_tag_3,account_tag_33,account_tag_3301"
do_niif_33020100,33020100,Utilidad del Ejercicio,data_account_type_equity,FALSE,do_chart_template,"account_tag_3,account_tag_33,account_tag_3302"
do_niif_33020200,33020200,Pérdidas del Ejercicio,data_account_type_equity,FALSE,do_chart_template,"account_tag_3,account_tag_33,account_tag_3302"
do_niif_33040100,33040100,Superávit en Reserva,data_account_type_equity,FALSE,do_chart_template,"account_tag_3,account_tag_33,account_tag_3304"
do_niif_33040200,33040200,Déficit en Reserva,data_account_type_equity,FALSE,do_chart_template,"account_tag_3,account_tag_33,account_tag_3304"
do_niif_41010100,41010100,Ventas de Bienes,data_account_type_revenue,FALSE,do_chart_template,"account_tag_4,account_tag_41,account_tag_4101"
do_niif_41010200,41010200,Ventas por Exportaciones de Bienes,data_account_type_revenue,FALSE,do_chart_template,"account_tag_4,account_tag_41,account_tag_4101"
do_niif_41020100,41020100,Ventas de Servicios,data_account_type_revenue,FALSE,do_chart_template,"account_tag_4,account_tag_41,account_tag_4102"
do_niif_41020200,41020200,Ventas por Exportaciones de Servicios,data_account_type_revenue,FALSE,do_chart_template,"account_tag_4,account_tag_41,account_tag_4102"
do_niif_41030100,41030100,Devoluciones de Bienes,data_account_type_revenue,FALSE,do_chart_template,"account_tag_4,account_tag_41,account_tag_4103"
do_niif_41030200,41030200,Devoluciones por Servicios,data_account_type_revenue,FALSE,do_chart_template,"account_tag_4,account_tag_41,account_tag_4103"
do_niif_41040100,41040100,Descuentos por Ventas (por NC),data_account_type_revenue,FALSE,do_chart_template,"account_tag_4,account_tag_41,account_tag_4104"
do_niif_42010100,42010100,Intereses sobre Certificados,data_account_type_revenue,FALSE,do_chart_template,"account_tag_4,account_tag_42,account_tag_4201"
do_niif_42010200,42010200,Intereses por Cuentas Bancarias,data_account_type_revenue,FALSE,do_chart_template,"account_tag_4,account_tag_42,account_tag_4201"
do_niif_42010300,42010300,Intereses por Financiamientos,data_account_type_revenue,FALSE,do_chart_template,"account_tag_4,account_tag_42,account_tag_4201"
do_niif_42020100,42020100,Ingresos por Ventas de Activos Depreciables (CAT II y III) ,data_account_type_revenue,FALSE,do_chart_template,"account_tag_4,account_tag_42,account_tag_4202"
do_niif_42030100,42030100,Ingresos por Dividendos Ganados,data_account_type_revenue,FALSE,do_chart_template,"account_tag_4,account_tag_42,account_tag_4203"
do_niif_42040100,42040100,Ingresos por Diferencia Cambiaria,data_account_type_other_income,FALSE,do_chart_template,"account_tag_4,account_tag_42,account_tag_4204"
do_niif_42040200,42040200,Cobro de Cuentas Incobrables,data_account_type_other_income,FALSE,do_chart_template,"account_tag_4,account_tag_42,account_tag_4204"
do_niif_42040300,42040300,Ingresos por Sobrante en Caja,data_account_type_other_income,FALSE,do_chart_template,"account_tag_4,account_tag_42,account_tag_4204"
do_niif_51010100,51010100,Costos de Bienes,data_account_type_direct_costs,FALSE,do_chart_template,"account_tag_5,account_tag_51,account_tag_5101"
do_niif_51010200,51010200,Costos de Servicios,data_account_type_direct_costs,FALSE,do_chart_template,"account_tag_5,account_tag_51,account_tag_5101"
do_niif_51010300,51010300,Diferencia en Precio,data_account_type_direct_costs,FALSE,do_chart_template,"account_tag_5,account_tag_51,account_tag_5101"
do_niif_51020400,51020400,Costos de Importación,data_account_type_direct_costs,FALSE,do_chart_template,"account_tag_5,account_tag_51,account_tag_5102"
do_niif_51010500,51010500,ITBIS llevado al Costo,data_account_type_direct_costs,FALSE,do_chart_template,"account_tag_5,account_tag_51,account_tag_5101"
do_niif_51020100,51020100,Costos de Materia Prima,data_account_type_direct_costs,FALSE,do_chart_template,"account_tag_5,account_tag_51,account_tag_5102"
do_niif_51020200,51020200,Costos de Mano de Obra,data_account_type_direct_costs,FALSE,do_chart_template,"account_tag_5,account_tag_51,account_tag_5102"
do_niif_51020300,51020300,Costos Indirectos,data_account_type_direct_costs,FALSE,do_chart_template,"account_tag_5,account_tag_51,account_tag_5102"
do_niif_52010100,61010100,Sueldos y Salarios,data_account_type_expenses,FALSE,do_chart_template,"account_tag_6,account_tag_52,account_tag_5201"
do_niif_52010200,61010200,Regalía Pascual,data_account_type_expenses,FALSE,do_chart_template,"account_tag_6,account_tag_52,account_tag_5201"
do_niif_52010300,61010300,Retribuciones Complementarias,data_account_type_expenses,FALSE,do_chart_template,"account_tag_6,account_tag_52,account_tag_5201"
do_niif_52010400,61010400,Bono Vacacional,data_account_type_expenses,FALSE,do_chart_template,"account_tag_6,account_tag_52,account_tag_5201"
do_niif_52010500,61010500,Bono por Desempeño,data_account_type_expenses,FALSE,do_chart_template,"account_tag_6,account_tag_52,account_tag_5201"
do_niif_52010600,61010600,Comisiones a Empleados,data_account_type_expenses,FALSE,do_chart_template,"account_tag_6,account_tag_52,account_tag_5201"
do_niif_52010700,61010700,Indemnizaciones,data_account_type_expenses,FALSE,do_chart_template,"account_tag_6,account_tag_52,account_tag_5201"
do_niif_52010800,61010800,Bonificaciones y Gratificaciones,data_account_type_expenses,FALSE,do_chart_template,"account_tag_6,account_tag_52,account_tag_5201"
do_niif_52010900,61010900,Comidas o Dietas al Personal,data_account_type_expenses,FALSE,do_chart_template,"account_tag_6,account_tag_52,account_tag_5201"
do_niif_52011000,61011000,Cursos y Entrenamientos,data_account_type_expenses,FALSE,do_chart_template,"account_tag_6,account_tag_52,account_tag_5201"
do_niif_52011100,61011100,Prestaciones Laborales (Preaviso y Cesantia),data_account_type_expenses,FALSE,do_chart_template,"account_tag_6,account_tag_52,account_tag_5201"
do_niif_52011200,61011200,Incentivos,data_account_type_expenses,FALSE,do_chart_template,"account_tag_6,account_tag_52,account_tag_5201"
do_niif_52011300,61011300,Horas Extras,data_account_type_expenses,FALSE,do_chart_template,"account_tag_6,account_tag_52,account_tag_5201"
do_niif_52011400,61011400,Uniformes,data_account_type_expenses,FALSE,do_chart_template,"account_tag_6,account_tag_52,account_tag_5201"
do_niif_52011500,61011500,Otros Gastos de Personal,data_account_type_expenses,FALSE,do_chart_template,"account_tag_6,account_tag_52,account_tag_5201"
do_niif_52010102,61010102,Contribución a la Administradora de Fondos de Pensiones (AFP),data_account_type_expenses,FALSE,do_chart_template,"account_tag_6,account_tag_52,account_tag_5201,account_tag_520101"
do_niif_52010103,61010103,Contribución al Seguro Riesgo Laboral (SRL),data_account_type_expenses,FALSE,do_chart_template,"account_tag_6,account_tag_52,account_tag_5201,account_tag_520101"
do_niif_52010104,61010104,Contribución al Seguro Familiar de Salud (SFS),data_account_type_expenses,FALSE,do_chart_template,"account_tag_6,account_tag_52,account_tag_5201,account_tag_520101"
do_niif_52010201,61010201,Contribución a la Administradora de Riesgos de Salud (ARS),data_account_type_expenses,FALSE,do_chart_template,"account_tag_6,account_tag_52,account_tag_5201,account_tag_520102"
do_niif_52010202,61010202,Contribución a Seguros del Personal,data_account_type_expenses,FALSE,do_chart_template,"account_tag_6,account_tag_52,account_tag_5201,account_tag_520102"
do_niif_52010203,61010203,Contribución a Planes Complementarios de Salud,data_account_type_expenses,FALSE,do_chart_template,"account_tag_6,account_tag_52,account_tag_5201,account_tag_520102"
do_niif_52010204,61010204,Contribución Seguros de Vida,data_account_type_expenses,FALSE,do_chart_template,"account_tag_6,account_tag_52,account_tag_5201,account_tag_520102"
do_niif_52010205,61010205,Contribución al INFOTEP,data_account_type_expenses,FALSE,do_chart_template,"account_tag_6,account_tag_52,account_tag_5201,account_tag_520102"
do_niif_52020100,61020100,Energía Eléctrica,data_account_type_expenses,FALSE,do_chart_template,"account_tag_6,account_tag_52,account_tag_5202"
do_niif_52020200,61020200,Comunicaciones,data_account_type_expenses,FALSE,do_chart_template,"account_tag_6,account_tag_52,account_tag_5202"
do_niif_52020300,61020300,Suministros de Oficina (Papelería y útiles),data_account_type_expenses,FALSE,do_chart_template,"account_tag_6,account_tag_52,account_tag_5202"
do_niif_52020400,61020400,Útiles de Aseo y Limpieza,data_account_type_expenses,FALSE,do_chart_template,"account_tag_6,account_tag_52,account_tag_5202"
do_niif_52020500,61020500,Agua y Basura,data_account_type_expenses,FALSE,do_chart_template,"account_tag_6,account_tag_52,account_tag_5202"
do_niif_52020600,61020600,Seguro de Edificio y Locales,data_account_type_expenses,FALSE,do_chart_template,"account_tag_6,account_tag_52,account_tag_5202"
do_niif_52020700,61020700,Combustibles y Lubricantes,data_account_type_expenses,FALSE,do_chart_template,"account_tag_6,account_tag_52,account_tag_5202"
do_niif_52020800,61020800,Alquileres / Arrendamientos,data_account_type_expenses,FALSE,do_chart_template,"account_tag_6,account_tag_52,account_tag_5202"
do_niif_52020900,61020900,Franquicias,data_account_type_expenses,FALSE,do_chart_template,"account_tag_6,account_tag_52,account_tag_5202"
do_niif_52021000,61021000,Eventos,data_account_type_expenses,FALSE,do_chart_template,"account_tag_6,account_tag_52,account_tag_5202"
do_niif_52021100,61021100,Seguros,data_account_type_expenses,FALSE,do_chart_template,"account_tag_6,account_tag_52,account_tag_5202"
do_niif_52021200,61021200,Servicios de Mensajería,data_account_type_expenses,FALSE,do_chart_template,"account_tag_6,account_tag_52,account_tag_5202"
do_niif_52021300,61021300,Flete y Carga,data_account_type_expenses,FALSE,do_chart_template,"account_tag_6,account_tag_52,account_tag_5202"
do_niif_52021400,61021400,Cuotas y Suscripciones,data_account_type_expenses,FALSE,do_chart_template,"account_tag_6,account_tag_52,account_tag_5202"
do_niif_52021500,61021500,Alojamiento en Hoteles,data_account_type_expenses,FALSE,do_chart_template,"account_tag_6,account_tag_52,account_tag_5202"
do_niif_52030101,61030101,Legales (P. Física),data_account_type_expenses,FALSE,do_chart_template,"account_tag_6,account_tag_52,account_tag_5203,account_tag_520301"
do_niif_52030102,61030102,Contabilidad y Auditoría (P. Física),data_account_type_expenses,FALSE,do_chart_template,"account_tag_6,account_tag_52,account_tag_5203,account_tag_520301"
do_niif_52030103,61030103,Tecnología (P. Física),data_account_type_expenses,FALSE,do_chart_template,"account_tag_6,account_tag_52,account_tag_5203,account_tag_520301"
do_niif_52030104,61030104,Mantenimientos de Planta (P. Física),data_account_type_expenses,FALSE,do_chart_template,"account_tag_6,account_tag_52,account_tag_5203,account_tag_520301"
do_niif_52030105,61030105,Mantenimientos de Local (P. Física),data_account_type_expenses,FALSE,do_chart_template,"account_tag_6,account_tag_52,account_tag_5203,account_tag_520301"
do_niif_52030106,61030106,Mantenimientos Mobiliarios y Equipos (P. Física),data_account_type_expenses,FALSE,do_chart_template,"account_tag_6,account_tag_52,account_tag_5203,account_tag_520301"
do_niif_52030107,61030107,Asesorías (P. Física),data_account_type_expenses,FALSE,do_chart_template,"account_tag_6,account_tag_52,account_tag_5203,account_tag_520301"
do_niif_52030108,61030108,Fumigaciones (P. Física),data_account_type_expenses,FALSE,do_chart_template,"account_tag_6,account_tag_52,account_tag_5203,account_tag_520301"
do_niif_52030109,61030109,Copias y Escaneos (P. Física),data_account_type_expenses,FALSE,do_chart_template,"account_tag_6,account_tag_52,account_tag_5203,account_tag_520301"
do_niif_52030110,61030110,Servicios de Vigilancia (P. Física),data_account_type_expenses,FALSE,do_chart_template,"account_tag_6,account_tag_52,account_tag_5203,account_tag_520301"
do_niif_52030111,61030111,Otros Servicios Profesionales (P. Física),data_account_type_expenses,FALSE,do_chart_template,"account_tag_6,account_tag_52,account_tag_5203,account_tag_520301"
do_niif_52030201,61030201,Legales (P. Jurídica),data_account_type_expenses,FALSE,do_chart_template,"account_tag_6,account_tag_52,account_tag_5203,account_tag_520302"
do_niif_52030202,61030202,Contabilidad y Auditoría (P. Jurídica),data_account_type_expenses,FALSE,do_chart_template,"account_tag_6,account_tag_52,account_tag_5203,account_tag_520302"
do_niif_52030203,61030203,Tecnología (P. Jurídica),data_account_type_expenses,FALSE,do_chart_template,"account_tag_6,account_tag_52,account_tag_5203,account_tag_520302"
do_niif_52030204,61030204,Mantenimiento de Planta (P. Jurídica),data_account_type_expenses,FALSE,do_chart_template,"account_tag_6,account_tag_52,account_tag_5203,account_tag_520302"
do_niif_52030205,61030205,Mantenimiento del Local (P. Jurídica),data_account_type_expenses,FALSE,do_chart_template,"account_tag_6,account_tag_52,account_tag_5203,account_tag_520302"
do_niif_52030206,61030206,Mantenimiento Mobiliario y Equipos (P. Jurídica),data_account_type_expenses,FALSE,do_chart_template,"account_tag_6,account_tag_52,account_tag_5203,account_tag_520302"
do_niif_52030207,61030207,Asesorías (P. Jurídica),data_account_type_expenses,FALSE,do_chart_template,"account_tag_6,account_tag_52,account_tag_5203,account_tag_520302"
do_niif_52030208,61030208,Fumigaciones (P. Jurídica),data_account_type_expenses,FALSE,do_chart_template,"account_tag_6,account_tag_52,account_tag_5203,account_tag_520302"
do_niif_52030209,61030209,Copias y Escaneos (P. Jurídica),data_account_type_expenses,FALSE,do_chart_template,"account_tag_6,account_tag_52,account_tag_5203,account_tag_520302"
do_niif_52030210,61030210,Servicios de Vigilancia (P. Jurídica),data_account_type_expenses,FALSE,do_chart_template,"account_tag_6,account_tag_52,account_tag_5203,account_tag_520302"
do_niif_52030211,61030211,Otros Servicios Profesionales  (P. Jurídica),data_account_type_expenses,FALSE,do_chart_template,"account_tag_6,account_tag_52,account_tag_5203,account_tag_520302"
do_niif_52030301,61030301,Honorarios por Servicios del Exterior - Relacionadas,data_account_type_expenses,FALSE,do_chart_template,"account_tag_6,account_tag_52,account_tag_5203,account_tag_520303"
do_niif_52030302,61030302,Honorarios por Servicios del Exterior - Terceros,data_account_type_expenses,FALSE,do_chart_template,"account_tag_6,account_tag_52,account_tag_5203,account_tag_520303"
do_niif_52040100,61040100,Gastos por Depreciación de Edificios,data_account_type_depreciation,FALSE,do_chart_template,"account_tag_6,account_tag_52,account_tag_5204"
do_niif_52040200,61040200,Gastos por Depreciación de Equipo de Transporte,data_account_type_depreciation,FALSE,do_chart_template,"account_tag_6,account_tag_52,account_tag_5204"
do_niif_52040300,61040300,Gastos por Depreciación de Mobiliario y Equipos,data_account_type_depreciation,FALSE,do_chart_template,"account_tag_6,account_tag_52,account_tag_5204"
do_niif_52040400,61040400,Gastos por Depreciación de Maquinaria,data_account_type_depreciation,FALSE,do_chart_template,"account_tag_6,account_tag_52,account_tag_5204"
do_niif_52040500,61040500,Gastos por Depreciación de Herramientas,data_account_type_depreciation,FALSE,do_chart_template,"account_tag_6,account_tag_52,account_tag_5204"
do_niif_52040600,61040600,Gastos por Depreciación de Instalaciones,data_account_type_depreciation,FALSE,do_chart_template,"account_tag_6,account_tag_52,account_tag_5204"
do_niif_52050100,61050100,Gastos por Reparación de Edificios,data_account_type_expenses,FALSE,do_chart_template,"account_tag_6,account_tag_52,account_tag_5205"
do_niif_52050200,61050200,Gastos por Reparación de Equipo de Transporte,data_account_type_expenses,FALSE,do_chart_template,"account_tag_6,account_tag_52,account_tag_5205"
do_niif_52050300,61050300,Gastos por Reparación de Mobiliario y Equipos,data_account_type_expenses,FALSE,do_chart_template,"account_tag_6,account_tag_52,account_tag_5205"
do_niif_52050400,61050400,Gastos por Reparación de Maquinaria,data_account_type_expenses,FALSE,do_chart_template,"account_tag_6,account_tag_52,account_tag_5205"
do_niif_52050500,61050500,Gastos por Reparación de Herramientas,data_account_type_expenses,FALSE,do_chart_template,"account_tag_6,account_tag_52,account_tag_5205"
do_niif_52050600,61050600,Gastos por Reparación de Instalaciones,data_account_type_expenses,FALSE,do_chart_template,"account_tag_6,account_tag_52,account_tag_5205"
do_niif_52060100,61060100,Relaciones Públicas,data_account_type_expenses,FALSE,do_chart_template,"account_tag_6,account_tag_52,account_tag_5206"
do_niif_52060200,61060200,Publicidad,data_account_type_expenses,FALSE,do_chart_template,"account_tag_6,account_tag_52,account_tag_5206"
do_niif_52060300,61060300,Gastos de Viajes y Representación,data_account_type_expenses,FALSE,do_chart_template,"account_tag_6,account_tag_52,account_tag_5206"
do_niif_52060400,61060400,Donaciones,data_account_type_expenses,FALSE,do_chart_template,"account_tag_6,account_tag_52,account_tag_5206"
do_niif_52060500,61060500,Donaciones a ProIndustria (Ley 392-07),data_account_type_expenses,FALSE,do_chart_template,"account_tag_6,account_tag_52,account_tag_5206"
do_niif_52060600,61060600,Promociones,data_account_type_expenses,FALSE,do_chart_template,"account_tag_6,account_tag_52,account_tag_5206"
do_niif_52060700,61060700,Gastos en Restaurantes,data_account_type_expenses,FALSE,do_chart_template,"account_tag_6,account_tag_52,account_tag_5206"
do_niif_52070100,61070100,Gastos por Préstamos Financieros,data_account_type_expenses,FALSE,do_chart_template,"account_tag_6,account_tag_52,account_tag_5207"
do_niif_52070200,61070200,Retención por Cheques o Transferencias Electrónicas (0.15%),data_account_type_expenses,FALSE,do_chart_template,"account_tag_6,account_tag_52,account_tag_5207"
do_niif_52070300,61070300,Intereses Bancarios,data_account_type_expenses,FALSE,do_chart_template,"account_tag_6,account_tag_52,account_tag_5207"
do_niif_52070400,61070400,Comisiones Bancarias,data_account_type_expenses,FALSE,do_chart_template,"account_tag_6,account_tag_52,account_tag_5207"
do_niif_52070500,61070500,Comisiones de Tarjeta de Crédito,data_account_type_expenses,FALSE,do_chart_template,"account_tag_6,account_tag_52,account_tag_5207"
do_niif_52070600,61070600,Cargos Bancarios,data_account_type_expenses,FALSE,do_chart_template,"account_tag_6,account_tag_52,account_tag_5207"
do_niif_52070700,61070700,Seguro sobre Préstamos Bancarios,data_account_type_expenses,FALSE,do_chart_template,"account_tag_6,account_tag_52,account_tag_5207"
do_niif_52070800,61070800,Pérdidas por Diferencia Cambiaria,data_account_type_expenses,FALSE,do_chart_template,"account_tag_6,account_tag_52,account_tag_5207"
do_niif_52070900,61070900,Otro Gastos Financieros,data_account_type_expenses,FALSE,do_chart_template,"account_tag_6,account_tag_52,account_tag_5207"
do_niif_52080100,61080100,Pérdidas por Faltante en Caja,data_account_type_expenses,FALSE,do_chart_template,"account_tag_6,account_tag_52,account_tag_5208"
do_niif_52080200,61080200,Pérdidas por Ventas de Activos Fijos,data_account_type_expenses,FALSE,do_chart_template,"account_tag_6,account_tag_52,account_tag_5208"
do_niif_52080300,61080300,Pérdidas por Cuentas Incobrables,data_account_type_expenses,FALSE,do_chart_template,"account_tag_6,account_tag_52,account_tag_5208"
do_niif_52080400,61080400,Gastos por ISR,data_account_type_expenses,FALSE,do_chart_template,"account_tag_6,account_tag_52,account_tag_5208"
do_niif_52080500,61080500,Impuestos a los Activos,data_account_type_expenses,FALSE,do_chart_template,"account_tag_6,account_tag_52,account_tag_5208"
do_niif_52080600,61080600,Gastos por Penalidades/Recargos de DGII,data_account_type_expenses,FALSE,do_chart_template,"account_tag_6,account_tag_52,account_tag_5208"
do_niif_52080700,61080700,Gastos por Penalidades/Recargos de TSS,data_account_type_expenses,FALSE,do_chart_template,"account_tag_6,account_tag_52,account_tag_5208"
do_niif_52080800,61080800,Gastos sin Comprobantes,data_account_type_expenses,FALSE,do_chart_template,"account_tag_6,account_tag_52,account_tag_5208"
do_niif_52080900,61080900,Gastos No Deducibles,data_account_type_expenses,FALSE,do_chart_template,"account_tag_6,account_tag_52,account_tag_5208"
do_niif_52081000,61081000,Gastos por Impuestos,data_account_type_expenses,FALSE,do_chart_template,"account_tag_6,account_tag_52,account_tag_5208"
do_niif_61010100,71010100,Ganancias o Pérdidas,data_unaffected_earnings,FALSE,do_chart_template,"account_tag_7,account_tag_61,account_tag_6101"
